,0,1,2,3
0,C2H8N1Ge1F3,C2H8N1,Ge1,F3
1,C2H8N1Ge1F3,C2H8N1,Ge1,F3
2,C2H8N1Ge1F3,C2H8N1,Ge1,F3
3,C2H8N1Ge1F3,C2H8N1,Ge1,F3
4,C2H8N1Ge1F3,C2H8N1,Ge1,F3
5,C2H8N1Ge1F3,C2H8N1,Ge1,F3
6,C2H8N1Ge1F3,C2H8N1,Ge1,F3
7,C2H8N1Ge1F3,C2H8N1,Ge1,F3
8,C2H8N1Ge1F3,C2H8N1,Ge1,F3
9,C3H10N1Ge1F3,C3H10N1,Ge1,F3
10,C3H10N1Ge1F3,C3H10N1,Ge1,F3
11,C3H10N1Ge1F3,C3H10N1,Ge1,F3
12,C3H10N1Ge1F3,C3H10N1,Ge1,F3
13,C3H10N1Ge1F3,C3H10N1,Ge1,F3
14,C3H10N1Ge1F3,C3H10N1,Ge1,F3
15,C3H10N1Ge1F3,C3H10N1,Ge1,F3
16,C3H10N1Ge1F3,C3H10N1,Ge1,F3
17,C4H12N1Ge1F3,C4H12N1,Ge1,F3
18,C4H12N1Ge1F3,C4H12N1,Ge1,F3
19,C4H12N1Ge1F3,C4H12N1,Ge1,F3
20,C4H12N1Ge1F3,C4H12N1,Ge1,F3
21,C3H10N1Ge1F3,C3H10N1,Ge1,F3
22,C3H10N1Ge1F3,C3H10N1,Ge1,F3
23,C3H10N1Ge1F3,C3H10N1,Ge1,F3
24,C3H10N1Ge1F3,C3H10N1,Ge1,F3
25,C3H10N1Ge1F3,C3H10N1,Ge1,F3
26,C3H10N1Ge1F3,C3H10N1,Ge1,F3
27,C3H10N1Ge1F3,C3H10N1,Ge1,F3
28,C3H10N1Ge1F3,C3H10N1,Ge1,F3
29,C3H10N1Ge1F3,C3H10N1,Ge1,F3
30,C2H8N1Ge1F3,C2H8N1,Ge1,F3
31,C2H8N1Ge1F3,C2H8N1,Ge1,F3
32,C2H8N1Ge1F3,C2H8N1,Ge1,F3
33,C2H8N1Ge1F3,C2H8N1,Ge1,F3
34,C2H8N1Ge1F3,C2H8N1,Ge1,F3
35,C2H7N2Ge1F3,C2H7N2,Ge1,F3
36,C2H7N2Ge1F3,C2H7N2,Ge1,F3
37,C2H7N2Ge1F3,C2H7N2,Ge1,F3
38,C2H7N2Ge1F3,C2H7N2,Ge1,F3
39,C2H7N2Ge1F3,C2H7N2,Ge1,F3
40,C2H7N2Ge1F3,C2H7N2,Ge1,F3
41,C1H6N1Ge1F3,C1H6N1,Ge1,F3
42,C1H6N1Ge1F3,C1H6N1,Ge1,F3
43,C1H6N1Ge1F3,C1H6N1,Ge1,F3
44,C1H6N1Ge1F3,C1H6N1,Ge1,F3
45,C1H6N1Ge1F3,C1H6N1,Ge1,F3
46,C1H6N1Ge1F3,C1H6N1,Ge1,F3
47,C1H6N3Ge1F3,C1H6N3,Ge1,F3
48,C1H6N3Ge1F3,C1H6N3,Ge1,F3
49,C1H6N3Ge1F3,C1H6N3,Ge1,F3
50,H4N1O1Ge3F,H4N1O1,Ge3,F1
51,H4N1O1Ge3F,H4N1O1,Ge3,F1
52,H4N1O1Ge3F,H4N1O1,Ge3,F1
53,H4N1O1Ge3F,H4N1O1,Ge3,F1
54,H4N1O1Ge3F,H4N1O1,Ge3,F1
55,H4N1O1Ge3F,H4N1O1,Ge3,F1
56,H4N1O1Ge3F,H4N1O1,Ge3,F1
57,C1H5N2Ge1F3,C1H5N2,Ge1,F3
58,C1H5N2Ge1F3,C1H5N2,Ge1,F3
59,C4H12N1Ge1F3,C4H12N1,Ge1,F3
60,C4H12N1Ge1F3,C4H12N1,Ge1,F3
61,H5N2Ge1F3,H5N2,Ge1,F3
62,H5N2Ge1F3,H5N2,Ge1,F3
63,H5N2Ge1F3,H5N2,Ge1,F3
64,H5N2Ge1F3,H5N2,Ge1,F3
65,H5N2Ge1F3,H5N2,Ge1,F3
66,H5N2Ge1F3,H5N2,Ge1,F3
67,H5N2Ge1F3,H5N2,Ge1,F3
68,H5N2Ge1F3,H5N2,Ge1,F3
69,H4N1Ge1F3,H4N1,Ge1,F3
70,H4N1Ge1F3,H4N1,Ge1,F3
71,C3H10N1Ge1F3,C3H10N1,Ge1,F3
72,C3H10N1Ge1F3,C3H10N1,Ge1,F3
73,C3H10N1Ge1F3,C3H10N1,Ge1,F3
74,C3H10N1Ge1F3,C3H10N1,Ge1,F3
75,C3H10N1Ge1F3,C3H10N1,Ge1,F3
76,C3H10N1Ge1F3,C3H10N1,Ge1,F3
77,C3H10N1Ge1F3,C3H10N1,Ge1,F3
78,C3H8N1Ge1F3,C3H8N1,Ge1,F3
79,C3H8N1Ge1F3,C3H8N1,Ge1,F3
80,C3H8N1Ge1F3,C3H8N1,Ge1,F3
81,C3H8N1Ge1F3,C3H8N1,Ge1,F3
82,C3H8N1Ge1F3,C3H8N1,Ge1,F3
83,C3H8N1Ge1F3,C3H8N1,Ge1,F3
84,C3H8N1Ge1F3,C3H8N1,Ge1,F3
85,C3H8N1Ge1F3,C3H8N1,Ge1,F3
86,C3H8N1Ge1F3,C3H8N1,Ge1,F3
87,C3H8N1Ge1F3,C3H8N1,Ge1,F3
88,C3H8N1Ge1F3,C3H8N1,Ge1,F3
89,C3H8N1Ge1F3,C3H8N1,Ge1,F3
90,C3H8N1Ge1F3,C3H8N1,Ge1,F3
91,C3H5N2Ge1F3,C3H5N2,Ge1,F3
92,C3H5N2Ge1F3,C3H5N2,Ge1,F3
93,C3H5N2Ge1F3,C3H5N2,Ge1,F3
94,C3H5N2Ge1F3,C3H5N2,Ge1,F3
95,C3H5N2Ge1F3,C3H5N2,Ge1,F3
96,C3H5N2Ge1F3,C3H5N2,Ge1,F3
97,C2H8N1Ge1Cl3,C2H8N1,Ge1,Cl3
98,C2H8N1Ge1Cl3,C2H8N1,Ge1,Cl3
99,C2H8N1Ge1Cl3,C2H8N1,Ge1,Cl3
100,C2H8N1Ge1Cl3,C2H8N1,Ge1,Cl3
101,C2H8N1Ge1Cl3,C2H8N1,Ge1,Cl3
102,C2H8N1Ge1Cl3,C2H8N1,Ge1,Cl3
103,C2H8N1Ge1Cl3,C2H8N1,Ge1,Cl3
104,C2H8N1Ge1Cl3,C2H8N1,Ge1,Cl3
105,C2H8N1Ge1Cl3,C2H8N1,Ge1,Cl3
106,C2H8N1Ge1Cl3,C2H8N1,Ge1,Cl3
107,C3H10N1Ge1Cl3,C3H10N1,Ge1,Cl3
108,C3H10N1Ge1Cl3,C3H10N1,Ge1,Cl3
109,C3H10N1Ge1Cl3,C3H10N1,Ge1,Cl3
110,C3H10N1Ge1Cl3,C3H10N1,Ge1,Cl3
111,C3H10N1Ge1Cl3,C3H10N1,Ge1,Cl3
112,C3H10N1Ge1Cl3,C3H10N1,Ge1,Cl3
113,C3H10N1Ge1Cl3,C3H10N1,Ge1,Cl3
114,C3H10N1Ge1Cl3,C3H10N1,Ge1,Cl3
115,C3H10N1Ge1Cl3,C3H10N1,Ge1,Cl3
116,C3H10N1Ge1Cl3,C3H10N1,Ge1,Cl3
117,C3H10N1Ge1Cl3,C3H10N1,Ge1,Cl3
118,C4H12N1Ge1Cl3,C4H12N1,Ge1,Cl3
119,C4H12N1Ge1Cl3,C4H12N1,Ge1,Cl3
120,C4H12N1Ge1Cl3,C4H12N1,Ge1,Cl3
121,C3H10N1Ge1Cl3,C3H10N1,Ge1,Cl3
122,C3H10N1Ge1Cl3,C3H10N1,Ge1,Cl3
123,C3H10N1Ge1Cl3,C3H10N1,Ge1,Cl3
124,C3H10N1Ge1Cl3,C3H10N1,Ge1,Cl3
125,C3H10N1Ge1Cl3,C3H10N1,Ge1,Cl3
126,C3H10N1Ge1Cl3,C3H10N1,Ge1,Cl3
127,C3H10N1Ge1Cl3,C3H10N1,Ge1,Cl3
128,C3H10N1Ge1Cl3,C3H10N1,Ge1,Cl3
129,C2H8N1Ge1Cl3,C2H8N1,Ge1,Cl3
130,C2H8N1Ge1Cl3,C2H8N1,Ge1,Cl3
131,C2H8N1Ge1Cl3,C2H8N1,Ge1,Cl3
132,C2H8N1Ge1Cl3,C2H8N1,Ge1,Cl3
133,C2H8N1Ge1Cl3,C2H8N1,Ge1,Cl3
134,C2H8N1Ge1Cl3,C2H8N1,Ge1,Cl3
135,C2H8N1Ge1Cl3,C2H8N1,Ge1,Cl3
136,C2H7N2Ge1Cl3,C2H7N2,Ge1,Cl3
137,C2H7N2Ge1Cl3,C2H7N2,Ge1,Cl3
138,C2H7N2Ge1Cl3,C2H7N2,Ge1,Cl3
139,C2H7N2Ge1Cl3,C2H7N2,Ge1,Cl3
140,C2H7N2Ge1Cl3,C2H7N2,Ge1,Cl3
141,C1H6N1Ge1Cl3,C1H6N1,Ge1,Cl3
142,C1H6N1Ge1Cl3,C1H6N1,Ge1,Cl3
143,C1H6N1Ge1Cl3,C1H6N1,Ge1,Cl3
144,C1H6N1Ge1Cl3,C1H6N1,Ge1,Cl3
145,C1H6N1Ge1Cl3,C1H6N1,Ge1,Cl3
146,C1H6N3Ge1Cl3,C1H6N3,Ge1,Cl3
147,C1H6N3Ge1Cl3,C1H6N3,Ge1,Cl3
148,C1H6N3Ge1Cl3,C1H6N3,Ge1,Cl3
149,H4N1O1Ge3Cl,H4N1O1,Ge3,Cl1
150,H4N1O1Ge3Cl,H4N1O1,Ge3,Cl1
151,H4N1O1Ge3Cl,H4N1O1,Ge3,Cl1
152,H4N1O1Ge3Cl,H4N1O1,Ge3,Cl1
153,H4N1O1Ge3Cl,H4N1O1,Ge3,Cl1
154,H4N1O1Ge3Cl,H4N1O1,Ge3,Cl1
155,H4N1O1Ge3Cl,H4N1O1,Ge3,Cl1
156,C1H5N2Ge1Cl3,C1H5N2,Ge1,Cl3
157,C1H5N2Ge1Cl3,C1H5N2,Ge1,Cl3
158,C1H5N2Ge1Cl3,C1H5N2,Ge1,Cl3
159,C4H12N1Ge1Cl3,C4H12N1,Ge1,Cl3
160,C4H12N1Ge1Cl3,C4H12N1,Ge1,Cl3
161,C4H12N1Ge1Cl3,C4H12N1,Ge1,Cl3
162,H5N2Ge1Cl3,H5N2,Ge1,Cl3
163,H5N2Ge1Cl3,H5N2,Ge1,Cl3
164,H5N2Ge1Cl3,H5N2,Ge1,Cl3
165,H5N2Ge1Cl3,H5N2,Ge1,Cl3
166,H5N2Ge1Cl3,H5N2,Ge1,Cl3
167,H5N2Ge1Cl3,H5N2,Ge1,Cl3
168,H5N2Ge1Cl3,H5N2,Ge1,Cl3
169,H5N2Ge1Cl3,H5N2,Ge1,Cl3
170,H5N2Ge1Cl3,H5N2,Ge1,Cl3
171,H5N2Ge1Cl3,H5N2,Ge1,Cl3
172,H4N1Ge1Cl3,H4N1,Ge1,Cl3
173,H4N1Ge1Cl3,H4N1,Ge1,Cl3
174,C3H10N1Ge1Cl3,C3H10N1,Ge1,Cl3
175,C3H10N1Ge1Cl3,C3H10N1,Ge1,Cl3
176,C3H10N1Ge1Cl3,C3H10N1,Ge1,Cl3
177,C3H10N1Ge1Cl3,C3H10N1,Ge1,Cl3
178,C3H10N1Ge1Cl3,C3H10N1,Ge1,Cl3
179,C3H10N1Ge1Cl3,C3H10N1,Ge1,Cl3
180,C3H10N1Ge1Cl3,C3H10N1,Ge1,Cl3
181,C3H10N1Ge1Cl3,C3H10N1,Ge1,Cl3
182,C3H8N1Ge1Cl3,C3H8N1,Ge1,Cl3
183,C3H8N1Ge1Cl3,C3H8N1,Ge1,Cl3
184,C3H8N1Ge1Cl3,C3H8N1,Ge1,Cl3
185,C3H8N1Ge1Cl3,C3H8N1,Ge1,Cl3
186,C3H8N1Ge1Cl3,C3H8N1,Ge1,Cl3
187,C3H8N1Ge1Cl3,C3H8N1,Ge1,Cl3
188,C3H8N1Ge1Cl3,C3H8N1,Ge1,Cl3
189,C3H8N1Ge1Cl3,C3H8N1,Ge1,Cl3
190,C3H8N1Ge1Cl3,C3H8N1,Ge1,Cl3
191,C3H8N1Ge1Cl3,C3H8N1,Ge1,Cl3
192,C3H8N1Ge1Cl3,C3H8N1,Ge1,Cl3
193,C3H8N1Ge1Cl3,C3H8N1,Ge1,Cl3
194,C3H8N1Ge1Cl3,C3H8N1,Ge1,Cl3
195,C3H8N1Ge1Cl3,C3H8N1,Ge1,Cl3
196,C3H5N2Ge1Cl3,C3H5N2,Ge1,Cl3
197,C3H5N2Ge1Cl3,C3H5N2,Ge1,Cl3
198,C3H5N2Ge1Cl3,C3H5N2,Ge1,Cl3
199,C3H5N2Ge1Cl3,C3H5N2,Ge1,Cl3
200,C3H5N2Ge1Cl3,C3H5N2,Ge1,Cl3
201,C3H5N2Ge1Cl3,C3H5N2,Ge1,Cl3
202,C2H8N1Ge1Br3,C2H8N1,Ge1,Br3
203,C2H8N1Ge1Br3,C2H8N1,Ge1,Br3
204,C2H8N1Ge1Br3,C2H8N1,Ge1,Br3
205,C2H8N1Ge1Br3,C2H8N1,Ge1,Br3
206,C2H8N1Ge1Br3,C2H8N1,Ge1,Br3
207,C2H8N1Ge1Br3,C2H8N1,Ge1,Br3
208,C2H8N1Ge1Br3,C2H8N1,Ge1,Br3
209,C2H8N1Ge1Br3,C2H8N1,Ge1,Br3
210,C2H8N1Ge1Br3,C2H8N1,Ge1,Br3
211,C2H8N1Ge1Br3,C2H8N1,Ge1,Br3
212,C2H8N1Ge1Br3,C2H8N1,Ge1,Br3
213,C3H10N1Ge1Br3,C3H10N1,Ge1,Br3
214,C3H10N1Ge1Br3,C3H10N1,Ge1,Br3
215,C3H10N1Ge1Br3,C3H10N1,Ge1,Br3
216,C3H10N1Ge1Br3,C3H10N1,Ge1,Br3
217,C3H10N1Ge1Br3,C3H10N1,Ge1,Br3
218,C3H10N1Ge1Br3,C3H10N1,Ge1,Br3
219,C3H10N1Ge1Br3,C3H10N1,Ge1,Br3
220,C3H10N1Ge1Br3,C3H10N1,Ge1,Br3
221,C3H10N1Ge1Br3,C3H10N1,Ge1,Br3
222,C3H10N1Ge1Br3,C3H10N1,Ge1,Br3
223,C3H10N1Ge1Br3,C3H10N1,Ge1,Br3
224,C3H10N1Ge1Br3,C3H10N1,Ge1,Br3
225,C3H10N1Ge1Br3,C3H10N1,Ge1,Br3
226,C4H12N1Ge1Br3,C4H12N1,Ge1,Br3
227,C4H12N1Ge1Br3,C4H12N1,Ge1,Br3
228,C4H12N1Ge1Br3,C4H12N1,Ge1,Br3
229,C3H10N1Ge1Br3,C3H10N1,Ge1,Br3
230,C3H10N1Ge1Br3,C3H10N1,Ge1,Br3
231,C3H10N1Ge1Br3,C3H10N1,Ge1,Br3
232,C3H10N1Ge1Br3,C3H10N1,Ge1,Br3
233,C3H10N1Ge1Br3,C3H10N1,Ge1,Br3
234,C3H10N1Ge1Br3,C3H10N1,Ge1,Br3
235,C3H10N1Ge1Br3,C3H10N1,Ge1,Br3
236,C3H10N1Ge1Br3,C3H10N1,Ge1,Br3
237,C3H10N1Ge1Br3,C3H10N1,Ge1,Br3
238,C2H8N1Ge1Br3,C2H8N1,Ge1,Br3
239,C2H8N1Ge1Br3,C2H8N1,Ge1,Br3
240,C2H8N1Ge1Br3,C2H8N1,Ge1,Br3
241,C2H8N1Ge1Br3,C2H8N1,Ge1,Br3
242,C2H8N1Ge1Br3,C2H8N1,Ge1,Br3
243,C2H8N1Ge1Br3,C2H8N1,Ge1,Br3
244,C2H8N1Ge1Br3,C2H8N1,Ge1,Br3
245,C2H8N1Ge1Br3,C2H8N1,Ge1,Br3
246,C2H8N1Ge1Br3,C2H8N1,Ge1,Br3
247,C2H7N2Ge1Br3,C2H7N2,Ge1,Br3
248,C2H7N2Ge1Br3,C2H7N2,Ge1,Br3
249,C2H7N2Ge1Br3,C2H7N2,Ge1,Br3
250,C2H7N2Ge1Br3,C2H7N2,Ge1,Br3
251,C2H7N2Ge1Br3,C2H7N2,Ge1,Br3
252,C2H7N2Ge1Br3,C2H7N2,Ge1,Br3
253,C1H6N1Ge1Br3,C1H6N1,Ge1,Br3
254,C1H6N1Ge1Br3,C1H6N1,Ge1,Br3
255,C1H6N1Ge1Br3,C1H6N1,Ge1,Br3
256,C1H6N1Ge1Br3,C1H6N1,Ge1,Br3
257,C1H6N1Ge1Br3,C1H6N1,Ge1,Br3
258,C1H6N1Ge1Br3,C1H6N1,Ge1,Br3
259,C1H6N3Ge1Br3,C1H6N3,Ge1,Br3
260,C1H6N3Ge1Br3,C1H6N3,Ge1,Br3
261,C1H6N3Ge1Br3,C1H6N3,Ge1,Br3
262,H4N1O1Ge3Br,H4N1O1,Ge3,Br1
263,H4N1O1Ge3Br,H4N1O1,Ge3,Br1
264,H4N1O1Ge3Br,H4N1O1,Ge3,Br1
265,H4N1O1Ge3Br,H4N1O1,Ge3,Br1
266,H4N1O1Ge3Br,H4N1O1,Ge3,Br1
267,H4N1O1Ge3Br,H4N1O1,Ge3,Br1
268,H4N1O1Ge3Br,H4N1O1,Ge3,Br1
269,C1H5N2Ge1Br3,C1H5N2,Ge1,Br3
270,C1H5N2Ge1Br3,C1H5N2,Ge1,Br3
271,C1H5N2Ge1Br3,C1H5N2,Ge1,Br3
272,C4H12N1Ge1Br3,C4H12N1,Ge1,Br3
273,C4H12N1Ge1Br3,C4H12N1,Ge1,Br3
274,C4H12N1Ge1Br3,C4H12N1,Ge1,Br3
275,H5N2Ge1Br3,H5N2,Ge1,Br3
276,H5N2Ge1Br3,H5N2,Ge1,Br3
277,H5N2Ge1Br3,H5N2,Ge1,Br3
278,H5N2Ge1Br3,H5N2,Ge1,Br3
279,H5N2Ge1Br3,H5N2,Ge1,Br3
280,H5N2Ge1Br3,H5N2,Ge1,Br3
281,H5N2Ge1Br3,H5N2,Ge1,Br3
282,H5N2Ge1Br3,H5N2,Ge1,Br3
283,H5N2Ge1Br3,H5N2,Ge1,Br3
284,H5N2Ge1Br3,H5N2,Ge1,Br3
285,H5N2Ge1Br3,H5N2,Ge1,Br3
286,H4N1Ge1Br3,H4N1,Ge1,Br3
287,H4N1Ge1Br3,H4N1,Ge1,Br3
288,H4N1Ge1Br3,H4N1,Ge1,Br3
289,H4N1Ge1Br3,H4N1,Ge1,Br3
290,C3H10N1Ge1Br3,C3H10N1,Ge1,Br3
291,C3H10N1Ge1Br3,C3H10N1,Ge1,Br3
292,C3H10N1Ge1Br3,C3H10N1,Ge1,Br3
293,C3H10N1Ge1Br3,C3H10N1,Ge1,Br3
294,C3H10N1Ge1Br3,C3H10N1,Ge1,Br3
295,C3H10N1Ge1Br3,C3H10N1,Ge1,Br3
296,C3H10N1Ge1Br3,C3H10N1,Ge1,Br3
297,C3H10N1Ge1Br3,C3H10N1,Ge1,Br3
298,C3H10N1Ge1Br3,C3H10N1,Ge1,Br3
299,C3H8N1Ge1Br3,C3H8N1,Ge1,Br3
300,C3H8N1Ge1Br3,C3H8N1,Ge1,Br3
301,C3H8N1Ge1Br3,C3H8N1,Ge1,Br3
302,C3H8N1Ge1Br3,C3H8N1,Ge1,Br3
303,C3H8N1Ge1Br3,C3H8N1,Ge1,Br3
304,C3H8N1Ge1Br3,C3H8N1,Ge1,Br3
305,C3H8N1Ge1Br3,C3H8N1,Ge1,Br3
306,C3H8N1Ge1Br3,C3H8N1,Ge1,Br3
307,C3H8N1Ge1Br3,C3H8N1,Ge1,Br3
308,C3H8N1Ge1Br3,C3H8N1,Ge1,Br3
309,C3H8N1Ge1Br3,C3H8N1,Ge1,Br3
310,C3H8N1Ge1Br3,C3H8N1,Ge1,Br3
311,C3H8N1Ge1Br3,C3H8N1,Ge1,Br3
312,C3H8N1Ge1Br3,C3H8N1,Ge1,Br3
313,C3H8N1Ge1Br3,C3H8N1,Ge1,Br3
314,C3H8N1Ge1Br3,C3H8N1,Ge1,Br3
315,C3H5N2Ge1Br3,C3H5N2,Ge1,Br3
316,C3H5N2Ge1Br3,C3H5N2,Ge1,Br3
317,C3H5N2Ge1Br3,C3H5N2,Ge1,Br3
318,C3H5N2Ge1Br3,C3H5N2,Ge1,Br3
319,C3H5N2Ge1Br3,C3H5N2,Ge1,Br3
320,C3H5N2Ge1Br3,C3H5N2,Ge1,Br3
321,C3H5N2Ge1Br3,C3H5N2,Ge1,Br3
322,C3H5N2Ge1Br3,C3H5N2,Ge1,Br3
323,C2H8N1Ge1I3,C2H8N1,Ge1,I3
324,C2H8N1Ge1I3,C2H8N1,Ge1,I3
325,C2H8N1Ge1I3,C2H8N1,Ge1,I3
326,C2H8N1Ge1I3,C2H8N1,Ge1,I3
327,C2H8N1Ge1I3,C2H8N1,Ge1,I3
328,C2H8N1Ge1I3,C2H8N1,Ge1,I3
329,C2H8N1Ge1I3,C2H8N1,Ge1,I3
330,C2H8N1Ge1I3,C2H8N1,Ge1,I3
331,C2H8N1Ge1I3,C2H8N1,Ge1,I3
332,C2H8N1Ge1I3,C2H8N1,Ge1,I3
333,C2H8N1Ge1I3,C2H8N1,Ge1,I3
334,C2H8N1Ge1I3,C2H8N1,Ge1,I3
335,C3H10N1Ge1I3,C3H10N1,Ge1,I3
336,C3H10N1Ge1I3,C3H10N1,Ge1,I3
337,C3H10N1Ge1I3,C3H10N1,Ge1,I3
338,C3H10N1Ge1I3,C3H10N1,Ge1,I3
339,C3H10N1Ge1I3,C3H10N1,Ge1,I3
340,C3H10N1Ge1I3,C3H10N1,Ge1,I3
341,C3H10N1Ge1I3,C3H10N1,Ge1,I3
342,C3H10N1Ge1I3,C3H10N1,Ge1,I3
343,C3H10N1Ge1I3,C3H10N1,Ge1,I3
344,C3H10N1Ge1I3,C3H10N1,Ge1,I3
345,C3H10N1Ge1I3,C3H10N1,Ge1,I3
346,C3H10N1Ge1I3,C3H10N1,Ge1,I3
347,C4H12N1Ge1I3,C4H12N1,Ge1,I3
348,C4H12N1Ge1I3,C4H12N1,Ge1,I3
349,C4H12N1Ge1I3,C4H12N1,Ge1,I3
350,C4H12N1Ge1I3,C4H12N1,Ge1,I3
351,C3H10N1Ge1I3,C3H10N1,Ge1,I3
352,C3H10N1Ge1I3,C3H10N1,Ge1,I3
353,C3H10N1Ge1I3,C3H10N1,Ge1,I3
354,C3H10N1Ge1I3,C3H10N1,Ge1,I3
355,C3H10N1Ge1I3,C3H10N1,Ge1,I3
356,C3H10N1Ge1I3,C3H10N1,Ge1,I3
357,C3H10N1Ge1I3,C3H10N1,Ge1,I3
358,C3H10N1Ge1I3,C3H10N1,Ge1,I3
359,C3H10N1Ge1I3,C3H10N1,Ge1,I3
360,C3H10N1Ge1I3,C3H10N1,Ge1,I3
361,C2H8N1Ge1I3,C2H8N1,Ge1,I3
362,C2H8N1Ge1I3,C2H8N1,Ge1,I3
363,C2H8N1Ge1I3,C2H8N1,Ge1,I3
364,C2H8N1Ge1I3,C2H8N1,Ge1,I3
365,C2H8N1Ge1I3,C2H8N1,Ge1,I3
366,C2H8N1Ge1I3,C2H8N1,Ge1,I3
367,C2H8N1Ge1I3,C2H8N1,Ge1,I3
368,C2H8N1Ge1I3,C2H8N1,Ge1,I3
369,C2H7N2Ge1I3,C2H7N2,Ge1,I3
370,C2H7N2Ge1I3,C2H7N2,Ge1,I3
371,C2H7N2Ge1I3,C2H7N2,Ge1,I3
372,C2H7N2Ge1I3,C2H7N2,Ge1,I3
373,C2H7N2Ge1I3,C2H7N2,Ge1,I3
374,C2H7N2Ge1I3,C2H7N2,Ge1,I3
375,C1H6N1Ge1I3,C1H6N1,Ge1,I3
376,C1H6N1Ge1I3,C1H6N1,Ge1,I3
377,C1H6N1Ge1I3,C1H6N1,Ge1,I3
378,C1H6N1Ge1I3,C1H6N1,Ge1,I3
379,C1H6N1Ge1I3,C1H6N1,Ge1,I3
380,C1H6N1Ge1I3,C1H6N1,Ge1,I3
381,C1H6N3Ge1I3,C1H6N3,Ge1,I3
382,C1H6N3Ge1I3,C1H6N3,Ge1,I3
383,C1H6N3Ge1I3,C1H6N3,Ge1,I3
384,H4N1O1Ge3I,H4N1O1,Ge3,I1
385,H4N1O1Ge3I,H4N1O1,Ge3,I1
386,H4N1O1Ge3I,H4N1O1,Ge3,I1
387,H4N1O1Ge3I,H4N1O1,Ge3,I1
388,H4N1O1Ge3I,H4N1O1,Ge3,I1
389,H4N1O1Ge3I,H4N1O1,Ge3,I1
390,H4N1O1Ge3I,H4N1O1,Ge3,I1
391,C1H5N2Ge1I3,C1H5N2,Ge1,I3
392,C1H5N2Ge1I3,C1H5N2,Ge1,I3
393,C1H5N2Ge1I3,C1H5N2,Ge1,I3
394,C4H12N1Ge1I3,C4H12N1,Ge1,I3
395,C4H12N1Ge1I3,C4H12N1,Ge1,I3
396,H5N2Ge1I3,H5N2,Ge1,I3
397,H5N2Ge1I3,H5N2,Ge1,I3
398,H5N2Ge1I3,H5N2,Ge1,I3
399,H5N2Ge1I3,H5N2,Ge1,I3
400,H5N2Ge1I3,H5N2,Ge1,I3
401,H5N2Ge1I3,H5N2,Ge1,I3
402,H5N2Ge1I3,H5N2,Ge1,I3
403,H5N2Ge1I3,H5N2,Ge1,I3
404,H5N2Ge1I3,H5N2,Ge1,I3
405,H5N2Ge1I3,H5N2,Ge1,I3
406,H5N2Ge1I3,H5N2,Ge1,I3
407,H4N1Ge1I3,H4N1,Ge1,I3
408,H4N1Ge1I3,H4N1,Ge1,I3
409,H4N1Ge1I3,H4N1,Ge1,I3
410,C3H10N1Ge1I3,C3H10N1,Ge1,I3
411,C3H10N1Ge1I3,C3H10N1,Ge1,I3
412,C3H10N1Ge1I3,C3H10N1,Ge1,I3
413,C3H10N1Ge1I3,C3H10N1,Ge1,I3
414,C3H10N1Ge1I3,C3H10N1,Ge1,I3
415,C3H10N1Ge1I3,C3H10N1,Ge1,I3
416,C3H10N1Ge1I3,C3H10N1,Ge1,I3
417,C3H10N1Ge1I3,C3H10N1,Ge1,I3
418,C3H10N1Ge1I3,C3H10N1,Ge1,I3
419,C3H8N1Ge1I3,C3H8N1,Ge1,I3
420,C3H8N1Ge1I3,C3H8N1,Ge1,I3
421,C3H8N1Ge1I3,C3H8N1,Ge1,I3
422,C3H8N1Ge1I3,C3H8N1,Ge1,I3
423,C3H8N1Ge1I3,C3H8N1,Ge1,I3
424,C3H8N1Ge1I3,C3H8N1,Ge1,I3
425,C3H8N1Ge1I3,C3H8N1,Ge1,I3
426,C3H8N1Ge1I3,C3H8N1,Ge1,I3
427,C3H8N1Ge1I3,C3H8N1,Ge1,I3
428,C3H8N1Ge1I3,C3H8N1,Ge1,I3
429,C3H8N1Ge1I3,C3H8N1,Ge1,I3
430,C3H8N1Ge1I3,C3H8N1,Ge1,I3
431,C3H8N1Ge1I3,C3H8N1,Ge1,I3
432,C3H8N1Ge1I3,C3H8N1,Ge1,I3
433,C3H8N1Ge1I3,C3H8N1,Ge1,I3
434,C3H5N2Ge1I3,C3H5N2,Ge1,I3
435,C3H5N2Ge1I3,C3H5N2,Ge1,I3
436,C3H5N2Ge1I3,C3H5N2,Ge1,I3
437,C3H5N2Ge1I3,C3H5N2,Ge1,I3
438,C3H5N2Ge1I3,C3H5N2,Ge1,I3
439,C3H5N2Ge1I3,C3H5N2,Ge1,I3
440,C3H5N2Ge1I3,C3H5N2,Ge1,I3
441,C3H5N2Ge1I3,C3H5N2,Ge1,I3
442,C2H8N1Sn1F3,C2H8N1,Sn1,F3
443,C2H8N1Sn1F3,C2H8N1,Sn1,F3
444,C2H8N1Sn1F3,C2H8N1,Sn1,F3
445,C2H8N1Sn1F3,C2H8N1,Sn1,F3
446,C2H8N1Sn1F3,C2H8N1,Sn1,F3
447,C2H8N1Sn1F3,C2H8N1,Sn1,F3
448,C2H8N1Sn1F3,C2H8N1,Sn1,F3
449,C2H8N1Sn1F3,C2H8N1,Sn1,F3
450,C2H8N1Sn1F3,C2H8N1,Sn1,F3
451,C2H8N1Sn1F3,C2H8N1,Sn1,F3
452,C2H8N1Sn1F3,C2H8N1,Sn1,F3
453,C3H10N1Sn1F3,C3H10N1,Sn1,F3
454,C3H10N1Sn1F3,C3H10N1,Sn1,F3
455,C3H10N1Sn1F3,C3H10N1,Sn1,F3
456,C3H10N1Sn1F3,C3H10N1,Sn1,F3
457,C3H10N1Sn1F3,C3H10N1,Sn1,F3
458,C3H10N1Sn1F3,C3H10N1,Sn1,F3
459,C3H10N1Sn1F3,C3H10N1,Sn1,F3
460,C3H10N1Sn1F3,C3H10N1,Sn1,F3
461,C3H10N1Sn1F3,C3H10N1,Sn1,F3
462,C3H10N1Sn1F3,C3H10N1,Sn1,F3
463,C4H12N1Sn1F3,C4H12N1,Sn1,F3
464,C4H12N1Sn1F3,C4H12N1,Sn1,F3
465,C4H12N1Sn1F3,C4H12N1,Sn1,F3
466,C4H12N1Sn1F3,C4H12N1,Sn1,F3
467,C3H10N1Sn1F3,C3H10N1,Sn1,F3
468,C3H10N1Sn1F3,C3H10N1,Sn1,F3
469,C3H10N1Sn1F3,C3H10N1,Sn1,F3
470,C3H10N1Sn1F3,C3H10N1,Sn1,F3
471,C3H10N1Sn1F3,C3H10N1,Sn1,F3
472,C3H10N1Sn1F3,C3H10N1,Sn1,F3
473,C3H10N1Sn1F3,C3H10N1,Sn1,F3
474,C3H10N1Sn1F3,C3H10N1,Sn1,F3
475,C3H10N1Sn1F3,C3H10N1,Sn1,F3
476,C2H8N1Sn1F3,C2H8N1,Sn1,F3
477,C2H8N1Sn1F3,C2H8N1,Sn1,F3
478,C2H8N1Sn1F3,C2H8N1,Sn1,F3
479,C2H8N1Sn1F3,C2H8N1,Sn1,F3
480,C2H8N1Sn1F3,C2H8N1,Sn1,F3
481,C2H8N1Sn1F3,C2H8N1,Sn1,F3
482,C2H8N1Sn1F3,C2H8N1,Sn1,F3
483,C2H8N1Sn1F3,C2H8N1,Sn1,F3
484,C2H8N1Sn1F3,C2H8N1,Sn1,F3
485,C2H7N2Sn1F3,C2H7N2,Sn1,F3
486,C2H7N2Sn1F3,C2H7N2,Sn1,F3
487,C2H7N2Sn1F3,C2H7N2,Sn1,F3
488,C2H7N2Sn1F3,C2H7N2,Sn1,F3
489,C2H7N2Sn1F3,C2H7N2,Sn1,F3
490,C2H7N2Sn1F3,C2H7N2,Sn1,F3
491,C1H6N1Sn1F3,C1H6N1,Sn1,F3
492,C1H6N1Sn1F3,C1H6N1,Sn1,F3
493,C1H6N1Sn1F3,C1H6N1,Sn1,F3
494,C1H6N1Sn1F3,C1H6N1,Sn1,F3
495,C1H6N1Sn1F3,C1H6N1,Sn1,F3
496,C1H6N1Sn1F3,C1H6N1,Sn1,F3
497,C1H6N3Sn1F3,C1H6N3,Sn1,F3
498,C1H6N3Sn1F3,C1H6N3,Sn1,F3
499,H4N1O1Sn3F,H4N1O1,Sn3,F1
500,H4N1O1Sn3F,H4N1O1,Sn3,F1
501,H4N1O1Sn3F,H4N1O1,Sn3,F1
502,H4N1O1Sn3F,H4N1O1,Sn3,F1
503,H4N1O1Sn3F,H4N1O1,Sn3,F1
504,C1H5N2Sn1F3,C1H5N2,Sn1,F3
505,C1H5N2Sn1F3,C1H5N2,Sn1,F3
506,C4H12N1Sn1F3,C4H12N1,Sn1,F3
507,H5N2Sn1F3,H5N2,Sn1,F3
508,H5N2Sn1F3,H5N2,Sn1,F3
509,H5N2Sn1F3,H5N2,Sn1,F3
510,H5N2Sn1F3,H5N2,Sn1,F3
511,H5N2Sn1F3,H5N2,Sn1,F3
512,H5N2Sn1F3,H5N2,Sn1,F3
513,H5N2Sn1F3,H5N2,Sn1,F3
514,H5N2Sn1F3,H5N2,Sn1,F3
515,H4N1Sn1F3,H4N1,Sn1,F3
516,H4N1Sn1F3,H4N1,Sn1,F3
517,H4N1Sn1F3,H4N1,Sn1,F3
518,C3H10N1Sn1F3,C3H10N1,Sn1,F3
519,C3H10N1Sn1F3,C3H10N1,Sn1,F3
520,C3H10N1Sn1F3,C3H10N1,Sn1,F3
521,C3H10N1Sn1F3,C3H10N1,Sn1,F3
522,C3H10N1Sn1F3,C3H10N1,Sn1,F3
523,C3H10N1Sn1F3,C3H10N1,Sn1,F3
524,C3H10N1Sn1F3,C3H10N1,Sn1,F3
525,C3H8N1Sn1F3,C3H8N1,Sn1,F3
526,C3H8N1Sn1F3,C3H8N1,Sn1,F3
527,C3H8N1Sn1F3,C3H8N1,Sn1,F3
528,C3H8N1Sn1F3,C3H8N1,Sn1,F3
529,C3H8N1Sn1F3,C3H8N1,Sn1,F3
530,C3H8N1Sn1F3,C3H8N1,Sn1,F3
531,C3H8N1Sn1F3,C3H8N1,Sn1,F3
532,C3H8N1Sn1F3,C3H8N1,Sn1,F3
533,C3H8N1Sn1F3,C3H8N1,Sn1,F3
534,C3H8N1Sn1F3,C3H8N1,Sn1,F3
535,C3H8N1Sn1F3,C3H8N1,Sn1,F3
536,C3H8N1Sn1F3,C3H8N1,Sn1,F3
537,C3H8N1Sn1F3,C3H8N1,Sn1,F3
538,C3H8N1Sn1F3,C3H8N1,Sn1,F3
539,C3H5N2Sn1F3,C3H5N2,Sn1,F3
540,C3H5N2Sn1F3,C3H5N2,Sn1,F3
541,C3H5N2Sn1F3,C3H5N2,Sn1,F3
542,C3H5N2Sn1F3,C3H5N2,Sn1,F3
543,C3H5N2Sn1F3,C3H5N2,Sn1,F3
544,C3H5N2Sn1F3,C3H5N2,Sn1,F3
545,C3H5N2Sn1F3,C3H5N2,Sn1,F3
546,C3H5N2Sn1F3,C3H5N2,Sn1,F3
547,C3H5N2Sn1F3,C3H5N2,Sn1,F3
548,C2H8N1Sn1Cl3,C2H8N1,Sn1,Cl3
549,C2H8N1Sn1Cl3,C2H8N1,Sn1,Cl3
550,C2H8N1Sn1Cl3,C2H8N1,Sn1,Cl3
551,C2H8N1Sn1Cl3,C2H8N1,Sn1,Cl3
552,C2H8N1Sn1Cl3,C2H8N1,Sn1,Cl3
553,C2H8N1Sn1Cl3,C2H8N1,Sn1,Cl3
554,C2H8N1Sn1Cl3,C2H8N1,Sn1,Cl3
555,C2H8N1Sn1Cl3,C2H8N1,Sn1,Cl3
556,C2H8N1Sn1Cl3,C2H8N1,Sn1,Cl3
557,C2H8N1Sn1Cl3,C2H8N1,Sn1,Cl3
558,C2H8N1Sn1Cl3,C2H8N1,Sn1,Cl3
559,C3H10N1Sn1Cl3,C3H10N1,Sn1,Cl3
560,C3H10N1Sn1Cl3,C3H10N1,Sn1,Cl3
561,C3H10N1Sn1Cl3,C3H10N1,Sn1,Cl3
562,C3H10N1Sn1Cl3,C3H10N1,Sn1,Cl3
563,C3H10N1Sn1Cl3,C3H10N1,Sn1,Cl3
564,C3H10N1Sn1Cl3,C3H10N1,Sn1,Cl3
565,C3H10N1Sn1Cl3,C3H10N1,Sn1,Cl3
566,C3H10N1Sn1Cl3,C3H10N1,Sn1,Cl3
567,C3H10N1Sn1Cl3,C3H10N1,Sn1,Cl3
568,C3H10N1Sn1Cl3,C3H10N1,Sn1,Cl3
569,C3H10N1Sn1Cl3,C3H10N1,Sn1,Cl3
570,C3H10N1Sn1Cl3,C3H10N1,Sn1,Cl3
571,C3H10N1Sn1Cl3,C3H10N1,Sn1,Cl3
572,C4H12N1Sn1Cl3,C4H12N1,Sn1,Cl3
573,C4H12N1Sn1Cl3,C4H12N1,Sn1,Cl3
574,C4H12N1Sn1Cl3,C4H12N1,Sn1,Cl3
575,C3H10N1Sn1Cl3,C3H10N1,Sn1,Cl3
576,C3H10N1Sn1Cl3,C3H10N1,Sn1,Cl3
577,C3H10N1Sn1Cl3,C3H10N1,Sn1,Cl3
578,C3H10N1Sn1Cl3,C3H10N1,Sn1,Cl3
579,C3H10N1Sn1Cl3,C3H10N1,Sn1,Cl3
580,C3H10N1Sn1Cl3,C3H10N1,Sn1,Cl3
581,C3H10N1Sn1Cl3,C3H10N1,Sn1,Cl3
582,C3H10N1Sn1Cl3,C3H10N1,Sn1,Cl3
583,C3H10N1Sn1Cl3,C3H10N1,Sn1,Cl3
584,C2H8N1Sn1Cl3,C2H8N1,Sn1,Cl3
585,C2H8N1Sn1Cl3,C2H8N1,Sn1,Cl3
586,C2H8N1Sn1Cl3,C2H8N1,Sn1,Cl3
587,C2H8N1Sn1Cl3,C2H8N1,Sn1,Cl3
588,C2H8N1Sn1Cl3,C2H8N1,Sn1,Cl3
589,C2H8N1Sn1Cl3,C2H8N1,Sn1,Cl3
590,C2H8N1Sn1Cl3,C2H8N1,Sn1,Cl3
591,C2H8N1Sn1Cl3,C2H8N1,Sn1,Cl3
592,C2H7N2Sn1Cl3,C2H7N2,Sn1,Cl3
593,C2H7N2Sn1Cl3,C2H7N2,Sn1,Cl3
594,C2H7N2Sn1Cl3,C2H7N2,Sn1,Cl3
595,C2H7N2Sn1Cl3,C2H7N2,Sn1,Cl3
596,C2H7N2Sn1Cl3,C2H7N2,Sn1,Cl3
597,C2H7N2Sn1Cl3,C2H7N2,Sn1,Cl3
598,C1H6N1Sn1Cl3,C1H6N1,Sn1,Cl3
599,C1H6N1Sn1Cl3,C1H6N1,Sn1,Cl3
600,C1H6N1Sn1Cl3,C1H6N1,Sn1,Cl3
601,C1H6N1Sn1Cl3,C1H6N1,Sn1,Cl3
602,C1H6N1Sn1Cl3,C1H6N1,Sn1,Cl3
603,C1H6N1Sn1Cl3,C1H6N1,Sn1,Cl3
604,C1H6N3Sn1Cl3,C1H6N3,Sn1,Cl3
605,C1H6N3Sn1Cl3,C1H6N3,Sn1,Cl3
606,H4N1O1Sn3Cl,H4N1O1,Sn3,Cl1
607,H4N1O1Sn3Cl,H4N1O1,Sn3,Cl1
608,H4N1O1Sn3Cl,H4N1O1,Sn3,Cl1
609,H4N1O1Sn3Cl,H4N1O1,Sn3,Cl1
610,H4N1O1Sn3Cl,H4N1O1,Sn3,Cl1
611,H4N1O1Sn3Cl,H4N1O1,Sn3,Cl1
612,C1H5N2Sn1Cl3,C1H5N2,Sn1,Cl3
613,C1H5N2Sn1Cl3,C1H5N2,Sn1,Cl3
614,C1H5N2Sn1Cl3,C1H5N2,Sn1,Cl3
615,C4H12N1Sn1Cl3,C4H12N1,Sn1,Cl3
616,C4H12N1Sn1Cl3,C4H12N1,Sn1,Cl3
617,C4H12N1Sn1Cl3,C4H12N1,Sn1,Cl3
618,H5N2Sn1Cl3,H5N2,Sn1,Cl3
619,H5N2Sn1Cl3,H5N2,Sn1,Cl3
620,H5N2Sn1Cl3,H5N2,Sn1,Cl3
621,H5N2Sn1Cl3,H5N2,Sn1,Cl3
622,H5N2Sn1Cl3,H5N2,Sn1,Cl3
623,H5N2Sn1Cl3,H5N2,Sn1,Cl3
624,H5N2Sn1Cl3,H5N2,Sn1,Cl3
625,H5N2Sn1Cl3,H5N2,Sn1,Cl3
626,H5N2Sn1Cl3,H5N2,Sn1,Cl3
627,H5N2Sn1Cl3,H5N2,Sn1,Cl3
628,H5N2Sn1Cl3,H5N2,Sn1,Cl3
629,H4N1Sn1Cl3,H4N1,Sn1,Cl3
630,H4N1Sn1Cl3,H4N1,Sn1,Cl3
631,H4N1Sn1Cl3,H4N1,Sn1,Cl3
632,H4N1Sn1Cl3,H4N1,Sn1,Cl3
633,C3H10N1Sn1Cl3,C3H10N1,Sn1,Cl3
634,C3H10N1Sn1Cl3,C3H10N1,Sn1,Cl3
635,C3H10N1Sn1Cl3,C3H10N1,Sn1,Cl3
636,C3H10N1Sn1Cl3,C3H10N1,Sn1,Cl3
637,C3H10N1Sn1Cl3,C3H10N1,Sn1,Cl3
638,C3H10N1Sn1Cl3,C3H10N1,Sn1,Cl3
639,C3H10N1Sn1Cl3,C3H10N1,Sn1,Cl3
640,C3H10N1Sn1Cl3,C3H10N1,Sn1,Cl3
641,C3H10N1Sn1Cl3,C3H10N1,Sn1,Cl3
642,C3H10N1Sn1Cl3,C3H10N1,Sn1,Cl3
643,C3H8N1Sn1Cl3,C3H8N1,Sn1,Cl3
644,C3H8N1Sn1Cl3,C3H8N1,Sn1,Cl3
645,C3H8N1Sn1Cl3,C3H8N1,Sn1,Cl3
646,C3H8N1Sn1Cl3,C3H8N1,Sn1,Cl3
647,C3H8N1Sn1Cl3,C3H8N1,Sn1,Cl3
648,C3H8N1Sn1Cl3,C3H8N1,Sn1,Cl3
649,C3H8N1Sn1Cl3,C3H8N1,Sn1,Cl3
650,C3H8N1Sn1Cl3,C3H8N1,Sn1,Cl3
651,C3H8N1Sn1Cl3,C3H8N1,Sn1,Cl3
652,C3H8N1Sn1Cl3,C3H8N1,Sn1,Cl3
653,C3H8N1Sn1Cl3,C3H8N1,Sn1,Cl3
654,C3H8N1Sn1Cl3,C3H8N1,Sn1,Cl3
655,C3H8N1Sn1Cl3,C3H8N1,Sn1,Cl3
656,C3H8N1Sn1Cl3,C3H8N1,Sn1,Cl3
657,C3H8N1Sn1Cl3,C3H8N1,Sn1,Cl3
658,C3H8N1Sn1Cl3,C3H8N1,Sn1,Cl3
659,C3H8N1Sn1Cl3,C3H8N1,Sn1,Cl3
660,C3H5N2Sn1Cl3,C3H5N2,Sn1,Cl3
661,C3H5N2Sn1Cl3,C3H5N2,Sn1,Cl3
662,C3H5N2Sn1Cl3,C3H5N2,Sn1,Cl3
663,C3H5N2Sn1Cl3,C3H5N2,Sn1,Cl3
664,C3H5N2Sn1Cl3,C3H5N2,Sn1,Cl3
665,C3H5N2Sn1Cl3,C3H5N2,Sn1,Cl3
666,C3H5N2Sn1Cl3,C3H5N2,Sn1,Cl3
667,C3H5N2Sn1Cl3,C3H5N2,Sn1,Cl3
668,C2H8N1Sn1Br3,C2H8N1,Sn1,Br3
669,C2H8N1Sn1Br3,C2H8N1,Sn1,Br3
670,C2H8N1Sn1Br3,C2H8N1,Sn1,Br3
671,C2H8N1Sn1Br3,C2H8N1,Sn1,Br3
672,C2H8N1Sn1Br3,C2H8N1,Sn1,Br3
673,C2H8N1Sn1Br3,C2H8N1,Sn1,Br3
674,C2H8N1Sn1Br3,C2H8N1,Sn1,Br3
675,C2H8N1Sn1Br3,C2H8N1,Sn1,Br3
676,C2H8N1Sn1Br3,C2H8N1,Sn1,Br3
677,C2H8N1Sn1Br3,C2H8N1,Sn1,Br3
678,C2H8N1Sn1Br3,C2H8N1,Sn1,Br3
679,C2H8N1Sn1Br3,C2H8N1,Sn1,Br3
680,C3H10N1Sn1Br3,C3H10N1,Sn1,Br3
681,C3H10N1Sn1Br3,C3H10N1,Sn1,Br3
682,C3H10N1Sn1Br3,C3H10N1,Sn1,Br3
683,C3H10N1Sn1Br3,C3H10N1,Sn1,Br3
684,C3H10N1Sn1Br3,C3H10N1,Sn1,Br3
685,C3H10N1Sn1Br3,C3H10N1,Sn1,Br3
686,C3H10N1Sn1Br3,C3H10N1,Sn1,Br3
687,C3H10N1Sn1Br3,C3H10N1,Sn1,Br3
688,C3H10N1Sn1Br3,C3H10N1,Sn1,Br3
689,C3H10N1Sn1Br3,C3H10N1,Sn1,Br3
690,C3H10N1Sn1Br3,C3H10N1,Sn1,Br3
691,C3H10N1Sn1Br3,C3H10N1,Sn1,Br3
692,C3H10N1Sn1Br3,C3H10N1,Sn1,Br3
693,C4H12N1Sn1Br3,C4H12N1,Sn1,Br3
694,C4H12N1Sn1Br3,C4H12N1,Sn1,Br3
695,C4H12N1Sn1Br3,C4H12N1,Sn1,Br3
696,C3H10N1Sn1Br3,C3H10N1,Sn1,Br3
697,C3H10N1Sn1Br3,C3H10N1,Sn1,Br3
698,C3H10N1Sn1Br3,C3H10N1,Sn1,Br3
699,C3H10N1Sn1Br3,C3H10N1,Sn1,Br3
700,C3H10N1Sn1Br3,C3H10N1,Sn1,Br3
701,C3H10N1Sn1Br3,C3H10N1,Sn1,Br3
702,C3H10N1Sn1Br3,C3H10N1,Sn1,Br3
703,C3H10N1Sn1Br3,C3H10N1,Sn1,Br3
704,C3H10N1Sn1Br3,C3H10N1,Sn1,Br3
705,C3H10N1Sn1Br3,C3H10N1,Sn1,Br3
706,C3H10N1Sn1Br3,C3H10N1,Sn1,Br3
707,C2H8N1Sn1Br3,C2H8N1,Sn1,Br3
708,C2H8N1Sn1Br3,C2H8N1,Sn1,Br3
709,C2H8N1Sn1Br3,C2H8N1,Sn1,Br3
710,C2H8N1Sn1Br3,C2H8N1,Sn1,Br3
711,C2H8N1Sn1Br3,C2H8N1,Sn1,Br3
712,C2H8N1Sn1Br3,C2H8N1,Sn1,Br3
713,C2H8N1Sn1Br3,C2H8N1,Sn1,Br3
714,C2H7N2Sn1Br3,C2H7N2,Sn1,Br3
715,C2H7N2Sn1Br3,C2H7N2,Sn1,Br3
716,C2H7N2Sn1Br3,C2H7N2,Sn1,Br3
717,C2H7N2Sn1Br3,C2H7N2,Sn1,Br3
718,C2H7N2Sn1Br3,C2H7N2,Sn1,Br3
719,C2H7N2Sn1Br3,C2H7N2,Sn1,Br3
720,C2H7N2Sn1Br3,C2H7N2,Sn1,Br3
721,C1H6N1Sn1Br3,C1H6N1,Sn1,Br3
722,C1H6N1Sn1Br3,C1H6N1,Sn1,Br3
723,C1H6N1Sn1Br3,C1H6N1,Sn1,Br3
724,C1H6N1Sn1Br3,C1H6N1,Sn1,Br3
725,C1H6N1Sn1Br3,C1H6N1,Sn1,Br3
726,C1H6N1Sn1Br3,C1H6N1,Sn1,Br3
727,C1H6N3Sn1Br3,C1H6N3,Sn1,Br3
728,C1H6N3Sn1Br3,C1H6N3,Sn1,Br3
729,C1H6N3Sn1Br3,C1H6N3,Sn1,Br3
730,H4N1O1Sn3Br,H4N1O1,Sn3,Br1
731,H4N1O1Sn3Br,H4N1O1,Sn3,Br1
732,H4N1O1Sn3Br,H4N1O1,Sn3,Br1
733,H4N1O1Sn3Br,H4N1O1,Sn3,Br1
734,H4N1O1Sn3Br,H4N1O1,Sn3,Br1
735,H4N1O1Sn3Br,H4N1O1,Sn3,Br1
736,H4N1O1Sn3Br,H4N1O1,Sn3,Br1
737,C1H5N2Sn1Br3,C1H5N2,Sn1,Br3
738,C1H5N2Sn1Br3,C1H5N2,Sn1,Br3
739,C1H5N2Sn1Br3,C1H5N2,Sn1,Br3
740,C4H12N1Sn1Br3,C4H12N1,Sn1,Br3
741,C4H12N1Sn1Br3,C4H12N1,Sn1,Br3
742,C4H12N1Sn1Br3,C4H12N1,Sn1,Br3
743,H5N2Sn1Br3,H5N2,Sn1,Br3
744,H5N2Sn1Br3,H5N2,Sn1,Br3
745,H5N2Sn1Br3,H5N2,Sn1,Br3
746,H5N2Sn1Br3,H5N2,Sn1,Br3
747,H5N2Sn1Br3,H5N2,Sn1,Br3
748,H5N2Sn1Br3,H5N2,Sn1,Br3
749,H5N2Sn1Br3,H5N2,Sn1,Br3
750,H5N2Sn1Br3,H5N2,Sn1,Br3
751,H5N2Sn1Br3,H5N2,Sn1,Br3
752,H5N2Sn1Br3,H5N2,Sn1,Br3
753,H5N2Sn1Br3,H5N2,Sn1,Br3
754,H5N2Sn1Br3,H5N2,Sn1,Br3
755,H4N1Sn1Br3,H4N1,Sn1,Br3
756,H4N1Sn1Br3,H4N1,Sn1,Br3
757,H4N1Sn1Br3,H4N1,Sn1,Br3
758,C3H10N1Sn1Br3,C3H10N1,Sn1,Br3
759,C3H10N1Sn1Br3,C3H10N1,Sn1,Br3
760,C3H10N1Sn1Br3,C3H10N1,Sn1,Br3
761,C3H10N1Sn1Br3,C3H10N1,Sn1,Br3
762,C3H10N1Sn1Br3,C3H10N1,Sn1,Br3
763,C3H10N1Sn1Br3,C3H10N1,Sn1,Br3
764,C3H10N1Sn1Br3,C3H10N1,Sn1,Br3
765,C3H10N1Sn1Br3,C3H10N1,Sn1,Br3
766,C3H10N1Sn1Br3,C3H10N1,Sn1,Br3
767,C3H10N1Sn1Br3,C3H10N1,Sn1,Br3
768,C3H10N1Sn1Br3,C3H10N1,Sn1,Br3
769,C3H8N1Sn1Br3,C3H8N1,Sn1,Br3
770,C3H8N1Sn1Br3,C3H8N1,Sn1,Br3
771,C3H8N1Sn1Br3,C3H8N1,Sn1,Br3
772,C3H8N1Sn1Br3,C3H8N1,Sn1,Br3
773,C3H8N1Sn1Br3,C3H8N1,Sn1,Br3
774,C3H8N1Sn1Br3,C3H8N1,Sn1,Br3
775,C3H8N1Sn1Br3,C3H8N1,Sn1,Br3
776,C3H8N1Sn1Br3,C3H8N1,Sn1,Br3
777,C3H8N1Sn1Br3,C3H8N1,Sn1,Br3
778,C3H8N1Sn1Br3,C3H8N1,Sn1,Br3
779,C3H8N1Sn1Br3,C3H8N1,Sn1,Br3
780,C3H8N1Sn1Br3,C3H8N1,Sn1,Br3
781,C3H8N1Sn1Br3,C3H8N1,Sn1,Br3
782,C3H8N1Sn1Br3,C3H8N1,Sn1,Br3
783,C3H8N1Sn1Br3,C3H8N1,Sn1,Br3
784,C3H8N1Sn1Br3,C3H8N1,Sn1,Br3
785,C3H5N2Sn1Br3,C3H5N2,Sn1,Br3
786,C3H5N2Sn1Br3,C3H5N2,Sn1,Br3
787,C3H5N2Sn1Br3,C3H5N2,Sn1,Br3
788,C3H5N2Sn1Br3,C3H5N2,Sn1,Br3
789,C3H5N2Sn1Br3,C3H5N2,Sn1,Br3
790,C3H5N2Sn1Br3,C3H5N2,Sn1,Br3
791,C3H5N2Sn1Br3,C3H5N2,Sn1,Br3
792,C2H8N1Sn1I3,C2H8N1,Sn1,I3
793,C2H8N1Sn1I3,C2H8N1,Sn1,I3
794,C2H8N1Sn1I3,C2H8N1,Sn1,I3
795,C2H8N1Sn1I3,C2H8N1,Sn1,I3
796,C2H8N1Sn1I3,C2H8N1,Sn1,I3
797,C2H8N1Sn1I3,C2H8N1,Sn1,I3
798,C2H8N1Sn1I3,C2H8N1,Sn1,I3
799,C2H8N1Sn1I3,C2H8N1,Sn1,I3
800,C2H8N1Sn1I3,C2H8N1,Sn1,I3
801,C2H8N1Sn1I3,C2H8N1,Sn1,I3
802,C2H8N1Sn1I3,C2H8N1,Sn1,I3
803,C2H8N1Sn1I3,C2H8N1,Sn1,I3
804,C3H10N1Sn1I3,C3H10N1,Sn1,I3
805,C3H10N1Sn1I3,C3H10N1,Sn1,I3
806,C3H10N1Sn1I3,C3H10N1,Sn1,I3
807,C3H10N1Sn1I3,C3H10N1,Sn1,I3
808,C3H10N1Sn1I3,C3H10N1,Sn1,I3
809,C3H10N1Sn1I3,C3H10N1,Sn1,I3
810,C3H10N1Sn1I3,C3H10N1,Sn1,I3
811,C3H10N1Sn1I3,C3H10N1,Sn1,I3
812,C3H10N1Sn1I3,C3H10N1,Sn1,I3
813,C3H10N1Sn1I3,C3H10N1,Sn1,I3
814,C3H10N1Sn1I3,C3H10N1,Sn1,I3
815,C3H10N1Sn1I3,C3H10N1,Sn1,I3
816,C4H12N1Sn1I3,C4H12N1,Sn1,I3
817,C4H12N1Sn1I3,C4H12N1,Sn1,I3
818,C4H12N1Sn1I3,C4H12N1,Sn1,I3
819,C3H10N1Sn1I3,C3H10N1,Sn1,I3
820,C3H10N1Sn1I3,C3H10N1,Sn1,I3
821,C3H10N1Sn1I3,C3H10N1,Sn1,I3
822,C3H10N1Sn1I3,C3H10N1,Sn1,I3
823,C3H10N1Sn1I3,C3H10N1,Sn1,I3
824,C3H10N1Sn1I3,C3H10N1,Sn1,I3
825,C3H10N1Sn1I3,C3H10N1,Sn1,I3
826,C3H10N1Sn1I3,C3H10N1,Sn1,I3
827,C3H10N1Sn1I3,C3H10N1,Sn1,I3
828,C2H8N1Sn1I3,C2H8N1,Sn1,I3
829,C2H8N1Sn1I3,C2H8N1,Sn1,I3
830,C2H8N1Sn1I3,C2H8N1,Sn1,I3
831,C2H8N1Sn1I3,C2H8N1,Sn1,I3
832,C2H8N1Sn1I3,C2H8N1,Sn1,I3
833,C2H8N1Sn1I3,C2H8N1,Sn1,I3
834,C2H8N1Sn1I3,C2H8N1,Sn1,I3
835,C2H8N1Sn1I3,C2H8N1,Sn1,I3
836,C2H7N2Sn1I3,C2H7N2,Sn1,I3
837,C2H7N2Sn1I3,C2H7N2,Sn1,I3
838,C2H7N2Sn1I3,C2H7N2,Sn1,I3
839,C2H7N2Sn1I3,C2H7N2,Sn1,I3
840,C2H7N2Sn1I3,C2H7N2,Sn1,I3
841,C2H7N2Sn1I3,C2H7N2,Sn1,I3
842,C1H6N1Sn1I3,C1H6N1,Sn1,I3
843,C1H6N1Sn1I3,C1H6N1,Sn1,I3
844,C1H6N1Sn1I3,C1H6N1,Sn1,I3
845,C1H6N1Sn1I3,C1H6N1,Sn1,I3
846,C1H6N1Sn1I3,C1H6N1,Sn1,I3
847,C1H6N1Sn1I3,C1H6N1,Sn1,I3
848,C1H6N3Sn1I3,C1H6N3,Sn1,I3
849,C1H6N3Sn1I3,C1H6N3,Sn1,I3
850,C1H6N3Sn1I3,C1H6N3,Sn1,I3
851,H4N1O1Sn3I,H4N1O1,Sn3,I1
852,H4N1O1Sn3I,H4N1O1,Sn3,I1
853,H4N1O1Sn3I,H4N1O1,Sn3,I1
854,H4N1O1Sn3I,H4N1O1,Sn3,I1
855,H4N1O1Sn3I,H4N1O1,Sn3,I1
856,H4N1O1Sn3I,H4N1O1,Sn3,I1
857,H4N1O1Sn3I,H4N1O1,Sn3,I1
858,C1H5N2Sn1I3,C1H5N2,Sn1,I3
859,C1H5N2Sn1I3,C1H5N2,Sn1,I3
860,C1H5N2Sn1I3,C1H5N2,Sn1,I3
861,C4H12N1Sn1I3,C4H12N1,Sn1,I3
862,C4H12N1Sn1I3,C4H12N1,Sn1,I3
863,H5N2Sn1I3,H5N2,Sn1,I3
864,H5N2Sn1I3,H5N2,Sn1,I3
865,H5N2Sn1I3,H5N2,Sn1,I3
866,H5N2Sn1I3,H5N2,Sn1,I3
867,H5N2Sn1I3,H5N2,Sn1,I3
868,H5N2Sn1I3,H5N2,Sn1,I3
869,H5N2Sn1I3,H5N2,Sn1,I3
870,H5N2Sn1I3,H5N2,Sn1,I3
871,H5N2Sn1I3,H5N2,Sn1,I3
872,H5N2Sn1I3,H5N2,Sn1,I3
873,H5N2Sn1I3,H5N2,Sn1,I3
874,H4N1Sn1I3,H4N1,Sn1,I3
875,H4N1Sn1I3,H4N1,Sn1,I3
876,H4N1Sn1I3,H4N1,Sn1,I3
877,H4N1Sn1I3,H4N1,Sn1,I3
878,C3H10N1Sn1I3,C3H10N1,Sn1,I3
879,C3H10N1Sn1I3,C3H10N1,Sn1,I3
880,C3H10N1Sn1I3,C3H10N1,Sn1,I3
881,C3H10N1Sn1I3,C3H10N1,Sn1,I3
882,C3H10N1Sn1I3,C3H10N1,Sn1,I3
883,C3H10N1Sn1I3,C3H10N1,Sn1,I3
884,C3H10N1Sn1I3,C3H10N1,Sn1,I3
885,C3H10N1Sn1I3,C3H10N1,Sn1,I3
886,C3H10N1Sn1I3,C3H10N1,Sn1,I3
887,C3H10N1Sn1I3,C3H10N1,Sn1,I3
888,C3H10N1Sn1I3,C3H10N1,Sn1,I3
889,C3H8N1Sn1I3,C3H8N1,Sn1,I3
890,C3H8N1Sn1I3,C3H8N1,Sn1,I3
891,C3H8N1Sn1I3,C3H8N1,Sn1,I3
892,C3H8N1Sn1I3,C3H8N1,Sn1,I3
893,C3H8N1Sn1I3,C3H8N1,Sn1,I3
894,C3H8N1Sn1I3,C3H8N1,Sn1,I3
895,C3H8N1Sn1I3,C3H8N1,Sn1,I3
896,C3H8N1Sn1I3,C3H8N1,Sn1,I3
897,C3H8N1Sn1I3,C3H8N1,Sn1,I3
898,C3H8N1Sn1I3,C3H8N1,Sn1,I3
899,C3H8N1Sn1I3,C3H8N1,Sn1,I3
900,C3H8N1Sn1I3,C3H8N1,Sn1,I3
901,C3H8N1Sn1I3,C3H8N1,Sn1,I3
902,C3H8N1Sn1I3,C3H8N1,Sn1,I3
903,C3H8N1Sn1I3,C3H8N1,Sn1,I3
904,C3H8N1Sn1I3,C3H8N1,Sn1,I3
905,C3H5N2Sn1I3,C3H5N2,Sn1,I3
906,C3H5N2Sn1I3,C3H5N2,Sn1,I3
907,C3H5N2Sn1I3,C3H5N2,Sn1,I3
908,C3H5N2Sn1I3,C3H5N2,Sn1,I3
909,C3H5N2Sn1I3,C3H5N2,Sn1,I3
910,C3H5N2Sn1I3,C3H5N2,Sn1,I3
911,C3H5N2Sn1I3,C3H5N2,Sn1,I3
912,C3H5N2Sn1I3,C3H5N2,Sn1,I3
913,C3H5N2Sn1I3,C3H5N2,Sn1,I3
914,C2H8N1Pb1F3,C2H8N1,Pb1,F3
915,C2H8N1Pb1F3,C2H8N1,Pb1,F3
916,C2H8N1Pb1F3,C2H8N1,Pb1,F3
917,C2H8N1Pb1F3,C2H8N1,Pb1,F3
918,C2H8N1Pb1F3,C2H8N1,Pb1,F3
919,C2H8N1Pb1F3,C2H8N1,Pb1,F3
920,C2H8N1Pb1F3,C2H8N1,Pb1,F3
921,C2H8N1Pb1F3,C2H8N1,Pb1,F3
922,C2H8N1Pb1F3,C2H8N1,Pb1,F3
923,C2H8N1Pb1F3,C2H8N1,Pb1,F3
924,C2H8N1Pb1F3,C2H8N1,Pb1,F3
925,C2H8N1Pb1F3,C2H8N1,Pb1,F3
926,C3H10N1Pb1F3,C3H10N1,Pb1,F3
927,C3H10N1Pb1F3,C3H10N1,Pb1,F3
928,C3H10N1Pb1F3,C3H10N1,Pb1,F3
929,C3H10N1Pb1F3,C3H10N1,Pb1,F3
930,C3H10N1Pb1F3,C3H10N1,Pb1,F3
931,C3H10N1Pb1F3,C3H10N1,Pb1,F3
932,C3H10N1Pb1F3,C3H10N1,Pb1,F3
933,C3H10N1Pb1F3,C3H10N1,Pb1,F3
934,C3H10N1Pb1F3,C3H10N1,Pb1,F3
935,C3H10N1Pb1F3,C3H10N1,Pb1,F3
936,C3H10N1Pb1F3,C3H10N1,Pb1,F3
937,C4H12N1Pb1F3,C4H12N1,Pb1,F3
938,C4H12N1Pb1F3,C4H12N1,Pb1,F3
939,C3H10N1Pb1F3,C3H10N1,Pb1,F3
940,C3H10N1Pb1F3,C3H10N1,Pb1,F3
941,C3H10N1Pb1F3,C3H10N1,Pb1,F3
942,C3H10N1Pb1F3,C3H10N1,Pb1,F3
943,C3H10N1Pb1F3,C3H10N1,Pb1,F3
944,C3H10N1Pb1F3,C3H10N1,Pb1,F3
945,C3H10N1Pb1F3,C3H10N1,Pb1,F3
946,C3H10N1Pb1F3,C3H10N1,Pb1,F3
947,C3H10N1Pb1F3,C3H10N1,Pb1,F3
948,C3H10N1Pb1F3,C3H10N1,Pb1,F3
949,C3H10N1Pb1F3,C3H10N1,Pb1,F3
950,C3H10N1Pb1F3,C3H10N1,Pb1,F3
951,C2H8N1Pb1F3,C2H8N1,Pb1,F3
952,C2H8N1Pb1F3,C2H8N1,Pb1,F3
953,C2H8N1Pb1F3,C2H8N1,Pb1,F3
954,C2H8N1Pb1F3,C2H8N1,Pb1,F3
955,C2H8N1Pb1F3,C2H8N1,Pb1,F3
956,C2H7N2Pb1F3,C2H7N2,Pb1,F3
957,C2H7N2Pb1F3,C2H7N2,Pb1,F3
958,C2H7N2Pb1F3,C2H7N2,Pb1,F3
959,C2H7N2Pb1F3,C2H7N2,Pb1,F3
960,C2H7N2Pb1F3,C2H7N2,Pb1,F3
961,C1H6N1Pb1F3,C1H6N1,Pb1,F3
962,C1H6N1Pb1F3,C1H6N1,Pb1,F3
963,C1H6N1Pb1F3,C1H6N1,Pb1,F3
964,C1H6N1Pb1F3,C1H6N1,Pb1,F3
965,C1H6N1Pb1F3,C1H6N1,Pb1,F3
966,C1H6N1Pb1F3,C1H6N1,Pb1,F3
967,C1H6N3Pb1F3,C1H6N3,Pb1,F3
968,C1H6N3Pb1F3,C1H6N3,Pb1,F3
969,H4N1O1Pb3F,H4N1O1,Pb3,F1
970,H4N1O1Pb3F,H4N1O1,Pb3,F1
971,H4N1O1Pb3F,H4N1O1,Pb3,F1
972,H4N1O1Pb3F,H4N1O1,Pb3,F1
973,H4N1O1Pb3F,H4N1O1,Pb3,F1
974,H4N1O1Pb3F,H4N1O1,Pb3,F1
975,H4N1O1Pb3F,H4N1O1,Pb3,F1
976,C1H5N2Pb1F3,C1H5N2,Pb1,F3
977,C1H5N2Pb1F3,C1H5N2,Pb1,F3
978,C4H12N1Pb1F3,C4H12N1,Pb1,F3
979,H5N2Pb1F3,H5N2,Pb1,F3
980,H5N2Pb1F3,H5N2,Pb1,F3
981,H5N2Pb1F3,H5N2,Pb1,F3
982,H5N2Pb1F3,H5N2,Pb1,F3
983,H5N2Pb1F3,H5N2,Pb1,F3
984,H5N2Pb1F3,H5N2,Pb1,F3
985,H5N2Pb1F3,H5N2,Pb1,F3
986,H5N2Pb1F3,H5N2,Pb1,F3
987,H4N1Pb1F3,H4N1,Pb1,F3
988,H4N1Pb1F3,H4N1,Pb1,F3
989,C3H10N1Pb1F3,C3H10N1,Pb1,F3
990,C3H10N1Pb1F3,C3H10N1,Pb1,F3
991,C3H10N1Pb1F3,C3H10N1,Pb1,F3
992,C3H10N1Pb1F3,C3H10N1,Pb1,F3
993,C3H10N1Pb1F3,C3H10N1,Pb1,F3
994,C3H10N1Pb1F3,C3H10N1,Pb1,F3
995,C3H10N1Pb1F3,C3H10N1,Pb1,F3
996,C3H10N1Pb1F3,C3H10N1,Pb1,F3
997,C3H10N1Pb1F3,C3H10N1,Pb1,F3
998,C3H8N1Pb1F3,C3H8N1,Pb1,F3
999,C3H8N1Pb1F3,C3H8N1,Pb1,F3
1000,C3H8N1Pb1F3,C3H8N1,Pb1,F3
1001,C3H8N1Pb1F3,C3H8N1,Pb1,F3
1002,C3H8N1Pb1F3,C3H8N1,Pb1,F3
1003,C3H8N1Pb1F3,C3H8N1,Pb1,F3
1004,C3H8N1Pb1F3,C3H8N1,Pb1,F3
1005,C3H8N1Pb1F3,C3H8N1,Pb1,F3
1006,C3H8N1Pb1F3,C3H8N1,Pb1,F3
1007,C3H5N2Pb1F3,C3H5N2,Pb1,F3
1008,C3H5N2Pb1F3,C3H5N2,Pb1,F3
1009,C3H5N2Pb1F3,C3H5N2,Pb1,F3
1010,C3H5N2Pb1F3,C3H5N2,Pb1,F3
1011,C3H5N2Pb1F3,C3H5N2,Pb1,F3
1012,C3H5N2Pb1F3,C3H5N2,Pb1,F3
1013,C2H8N1Pb1Cl3,C2H8N1,Pb1,Cl3
1014,C2H8N1Pb1Cl3,C2H8N1,Pb1,Cl3
1015,C2H8N1Pb1Cl3,C2H8N1,Pb1,Cl3
1016,C2H8N1Pb1Cl3,C2H8N1,Pb1,Cl3
1017,C2H8N1Pb1Cl3,C2H8N1,Pb1,Cl3
1018,C2H8N1Pb1Cl3,C2H8N1,Pb1,Cl3
1019,C2H8N1Pb1Cl3,C2H8N1,Pb1,Cl3
1020,C2H8N1Pb1Cl3,C2H8N1,Pb1,Cl3
1021,C2H8N1Pb1Cl3,C2H8N1,Pb1,Cl3
1022,C2H8N1Pb1Cl3,C2H8N1,Pb1,Cl3
1023,C3H10N1Pb1Cl3,C3H10N1,Pb1,Cl3
1024,C3H10N1Pb1Cl3,C3H10N1,Pb1,Cl3
1025,C3H10N1Pb1Cl3,C3H10N1,Pb1,Cl3
1026,C3H10N1Pb1Cl3,C3H10N1,Pb1,Cl3
1027,C3H10N1Pb1Cl3,C3H10N1,Pb1,Cl3
1028,C3H10N1Pb1Cl3,C3H10N1,Pb1,Cl3
1029,C3H10N1Pb1Cl3,C3H10N1,Pb1,Cl3
1030,C3H10N1Pb1Cl3,C3H10N1,Pb1,Cl3
1031,C3H10N1Pb1Cl3,C3H10N1,Pb1,Cl3
1032,C3H10N1Pb1Cl3,C3H10N1,Pb1,Cl3
1033,C4H12N1Pb1Cl3,C4H12N1,Pb1,Cl3
1034,C4H12N1Pb1Cl3,C4H12N1,Pb1,Cl3
1035,C4H12N1Pb1Cl3,C4H12N1,Pb1,Cl3
1036,C4H12N1Pb1Cl3,C4H12N1,Pb1,Cl3
1037,C3H10N1Pb1Cl3,C3H10N1,Pb1,Cl3
1038,C3H10N1Pb1Cl3,C3H10N1,Pb1,Cl3
1039,C3H10N1Pb1Cl3,C3H10N1,Pb1,Cl3
1040,C3H10N1Pb1Cl3,C3H10N1,Pb1,Cl3
1041,C3H10N1Pb1Cl3,C3H10N1,Pb1,Cl3
1042,C3H10N1Pb1Cl3,C3H10N1,Pb1,Cl3
1043,C3H10N1Pb1Cl3,C3H10N1,Pb1,Cl3
1044,C3H10N1Pb1Cl3,C3H10N1,Pb1,Cl3
1045,C3H10N1Pb1Cl3,C3H10N1,Pb1,Cl3
1046,C3H10N1Pb1Cl3,C3H10N1,Pb1,Cl3
1047,C3H10N1Pb1Cl3,C3H10N1,Pb1,Cl3
1048,C2H8N1Pb1Cl3,C2H8N1,Pb1,Cl3
1049,C2H8N1Pb1Cl3,C2H8N1,Pb1,Cl3
1050,C2H8N1Pb1Cl3,C2H8N1,Pb1,Cl3
1051,C2H8N1Pb1Cl3,C2H8N1,Pb1,Cl3
1052,C2H8N1Pb1Cl3,C2H8N1,Pb1,Cl3
1053,C2H8N1Pb1Cl3,C2H8N1,Pb1,Cl3
1054,C2H8N1Pb1Cl3,C2H8N1,Pb1,Cl3
1055,C2H7N2Pb1Cl3,C2H7N2,Pb1,Cl3
1056,C2H7N2Pb1Cl3,C2H7N2,Pb1,Cl3
1057,C2H7N2Pb1Cl3,C2H7N2,Pb1,Cl3
1058,C2H7N2Pb1Cl3,C2H7N2,Pb1,Cl3
1059,C2H7N2Pb1Cl3,C2H7N2,Pb1,Cl3
1060,C2H7N2Pb1Cl3,C2H7N2,Pb1,Cl3
1061,C1H6N1Pb1Cl3,C1H6N1,Pb1,Cl3
1062,C1H6N1Pb1Cl3,C1H6N1,Pb1,Cl3
1063,C1H6N1Pb1Cl3,C1H6N1,Pb1,Cl3
1064,C1H6N1Pb1Cl3,C1H6N1,Pb1,Cl3
1065,C1H6N1Pb1Cl3,C1H6N1,Pb1,Cl3
1066,C1H6N3Pb1Cl3,C1H6N3,Pb1,Cl3
1067,C1H6N3Pb1Cl3,C1H6N3,Pb1,Cl3
1068,C1H6N3Pb1Cl3,C1H6N3,Pb1,Cl3
1069,H4N1O1Pb3Cl,H4N1O1,Pb3,Cl1
1070,H4N1O1Pb3Cl,H4N1O1,Pb3,Cl1
1071,H4N1O1Pb3Cl,H4N1O1,Pb3,Cl1
1072,H4N1O1Pb3Cl,H4N1O1,Pb3,Cl1
1073,H4N1O1Pb3Cl,H4N1O1,Pb3,Cl1
1074,H4N1O1Pb3Cl,H4N1O1,Pb3,Cl1
1075,C1H5N2Pb1Cl3,C1H5N2,Pb1,Cl3
1076,C1H5N2Pb1Cl3,C1H5N2,Pb1,Cl3
1077,C1H5N2Pb1Cl3,C1H5N2,Pb1,Cl3
1078,C4H12N1Pb1Cl3,C4H12N1,Pb1,Cl3
1079,C4H12N1Pb1Cl3,C4H12N1,Pb1,Cl3
1080,C4H12N1Pb1Cl3,C4H12N1,Pb1,Cl3
1081,H5N2Pb1Cl3,H5N2,Pb1,Cl3
1082,H5N2Pb1Cl3,H5N2,Pb1,Cl3
1083,H5N2Pb1Cl3,H5N2,Pb1,Cl3
1084,H5N2Pb1Cl3,H5N2,Pb1,Cl3
1085,H5N2Pb1Cl3,H5N2,Pb1,Cl3
1086,H5N2Pb1Cl3,H5N2,Pb1,Cl3
1087,H5N2Pb1Cl3,H5N2,Pb1,Cl3
1088,H5N2Pb1Cl3,H5N2,Pb1,Cl3
1089,H5N2Pb1Cl3,H5N2,Pb1,Cl3
1090,H4N1Pb1Cl3,H4N1,Pb1,Cl3
1091,H4N1Pb1Cl3,H4N1,Pb1,Cl3
1092,C3H10N1Pb1Cl3,C3H10N1,Pb1,Cl3
1093,C3H10N1Pb1Cl3,C3H10N1,Pb1,Cl3
1094,C3H10N1Pb1Cl3,C3H10N1,Pb1,Cl3
1095,C3H10N1Pb1Cl3,C3H10N1,Pb1,Cl3
1096,C3H10N1Pb1Cl3,C3H10N1,Pb1,Cl3
1097,C3H10N1Pb1Cl3,C3H10N1,Pb1,Cl3
1098,C3H10N1Pb1Cl3,C3H10N1,Pb1,Cl3
1099,C3H10N1Pb1Cl3,C3H10N1,Pb1,Cl3
1100,C3H10N1Pb1Cl3,C3H10N1,Pb1,Cl3
1101,C3H10N1Pb1Cl3,C3H10N1,Pb1,Cl3
1102,C3H10N1Pb1Cl3,C3H10N1,Pb1,Cl3
1103,C3H8N1Pb1Cl3,C3H8N1,Pb1,Cl3
1104,C3H8N1Pb1Cl3,C3H8N1,Pb1,Cl3
1105,C3H8N1Pb1Cl3,C3H8N1,Pb1,Cl3
1106,C3H8N1Pb1Cl3,C3H8N1,Pb1,Cl3
1107,C3H8N1Pb1Cl3,C3H8N1,Pb1,Cl3
1108,C3H8N1Pb1Cl3,C3H8N1,Pb1,Cl3
1109,C3H8N1Pb1Cl3,C3H8N1,Pb1,Cl3
1110,C3H8N1Pb1Cl3,C3H8N1,Pb1,Cl3
1111,C3H8N1Pb1Cl3,C3H8N1,Pb1,Cl3
1112,C3H8N1Pb1Cl3,C3H8N1,Pb1,Cl3
1113,C3H8N1Pb1Cl3,C3H8N1,Pb1,Cl3
1114,C3H8N1Pb1Cl3,C3H8N1,Pb1,Cl3
1115,C3H8N1Pb1Cl3,C3H8N1,Pb1,Cl3
1116,C3H5N2Pb1Cl3,C3H5N2,Pb1,Cl3
1117,C3H5N2Pb1Cl3,C3H5N2,Pb1,Cl3
1118,C3H5N2Pb1Cl3,C3H5N2,Pb1,Cl3
1119,C3H5N2Pb1Cl3,C3H5N2,Pb1,Cl3
1120,C3H5N2Pb1Cl3,C3H5N2,Pb1,Cl3
1121,C3H5N2Pb1Cl3,C3H5N2,Pb1,Cl3
1122,C3H5N2Pb1Cl3,C3H5N2,Pb1,Cl3
1123,C2H8N1Pb1Br3,C2H8N1,Pb1,Br3
1124,C2H8N1Pb1Br3,C2H8N1,Pb1,Br3
1125,C2H8N1Pb1Br3,C2H8N1,Pb1,Br3
1126,C2H8N1Pb1Br3,C2H8N1,Pb1,Br3
1127,C2H8N1Pb1Br3,C2H8N1,Pb1,Br3
1128,C2H8N1Pb1Br3,C2H8N1,Pb1,Br3
1129,C2H8N1Pb1Br3,C2H8N1,Pb1,Br3
1130,C2H8N1Pb1Br3,C2H8N1,Pb1,Br3
1131,C2H8N1Pb1Br3,C2H8N1,Pb1,Br3
1132,C2H8N1Pb1Br3,C2H8N1,Pb1,Br3
1133,C3H10N1Pb1Br3,C3H10N1,Pb1,Br3
1134,C3H10N1Pb1Br3,C3H10N1,Pb1,Br3
1135,C3H10N1Pb1Br3,C3H10N1,Pb1,Br3
1136,C3H10N1Pb1Br3,C3H10N1,Pb1,Br3
1137,C3H10N1Pb1Br3,C3H10N1,Pb1,Br3
1138,C3H10N1Pb1Br3,C3H10N1,Pb1,Br3
1139,C3H10N1Pb1Br3,C3H10N1,Pb1,Br3
1140,C3H10N1Pb1Br3,C3H10N1,Pb1,Br3
1141,C3H10N1Pb1Br3,C3H10N1,Pb1,Br3
1142,C3H10N1Pb1Br3,C3H10N1,Pb1,Br3
1143,C3H10N1Pb1Br3,C3H10N1,Pb1,Br3
1144,C4H12N1Pb1Br3,C4H12N1,Pb1,Br3
1145,C4H12N1Pb1Br3,C4H12N1,Pb1,Br3
1146,C4H12N1Pb1Br3,C4H12N1,Pb1,Br3
1147,C4H12N1Pb1Br3,C4H12N1,Pb1,Br3
1148,C3H10N1Pb1Br3,C3H10N1,Pb1,Br3
1149,C3H10N1Pb1Br3,C3H10N1,Pb1,Br3
1150,C3H10N1Pb1Br3,C3H10N1,Pb1,Br3
1151,C3H10N1Pb1Br3,C3H10N1,Pb1,Br3
1152,C3H10N1Pb1Br3,C3H10N1,Pb1,Br3
1153,C3H10N1Pb1Br3,C3H10N1,Pb1,Br3
1154,C3H10N1Pb1Br3,C3H10N1,Pb1,Br3
1155,C3H10N1Pb1Br3,C3H10N1,Pb1,Br3
1156,C2H8N1Pb1Br3,C2H8N1,Pb1,Br3
1157,C2H8N1Pb1Br3,C2H8N1,Pb1,Br3
1158,C2H8N1Pb1Br3,C2H8N1,Pb1,Br3
1159,C2H8N1Pb1Br3,C2H8N1,Pb1,Br3
1160,C2H8N1Pb1Br3,C2H8N1,Pb1,Br3
1161,C2H8N1Pb1Br3,C2H8N1,Pb1,Br3
1162,C2H8N1Pb1Br3,C2H8N1,Pb1,Br3
1163,C2H7N2Pb1Br3,C2H7N2,Pb1,Br3
1164,C2H7N2Pb1Br3,C2H7N2,Pb1,Br3
1165,C2H7N2Pb1Br3,C2H7N2,Pb1,Br3
1166,C2H7N2Pb1Br3,C2H7N2,Pb1,Br3
1167,C2H7N2Pb1Br3,C2H7N2,Pb1,Br3
1168,C2H7N2Pb1Br3,C2H7N2,Pb1,Br3
1169,C1H6N1Pb1Br3,C1H6N1,Pb1,Br3
1170,C1H6N1Pb1Br3,C1H6N1,Pb1,Br3
1171,C1H6N1Pb1Br3,C1H6N1,Pb1,Br3
1172,C1H6N1Pb1Br3,C1H6N1,Pb1,Br3
1173,C1H6N1Pb1Br3,C1H6N1,Pb1,Br3
1174,C1H6N3Pb1Br3,C1H6N3,Pb1,Br3
1175,C1H6N3Pb1Br3,C1H6N3,Pb1,Br3
1176,C1H6N3Pb1Br3,C1H6N3,Pb1,Br3
1177,H4N1O1Pb3Br,H4N1O1,Pb3,Br1
1178,H4N1O1Pb3Br,H4N1O1,Pb3,Br1
1179,H4N1O1Pb3Br,H4N1O1,Pb3,Br1
1180,H4N1O1Pb3Br,H4N1O1,Pb3,Br1
1181,H4N1O1Pb3Br,H4N1O1,Pb3,Br1
1182,H4N1O1Pb3Br,H4N1O1,Pb3,Br1
1183,H4N1O1Pb3Br,H4N1O1,Pb3,Br1
1184,C1H5N2Pb1Br3,C1H5N2,Pb1,Br3
1185,C1H5N2Pb1Br3,C1H5N2,Pb1,Br3
1186,C1H5N2Pb1Br3,C1H5N2,Pb1,Br3
1187,C4H12N1Pb1Br3,C4H12N1,Pb1,Br3
1188,C4H12N1Pb1Br3,C4H12N1,Pb1,Br3
1189,C4H12N1Pb1Br3,C4H12N1,Pb1,Br3
1190,H5N2Pb1Br3,H5N2,Pb1,Br3
1191,H5N2Pb1Br3,H5N2,Pb1,Br3
1192,H5N2Pb1Br3,H5N2,Pb1,Br3
1193,H5N2Pb1Br3,H5N2,Pb1,Br3
1194,H5N2Pb1Br3,H5N2,Pb1,Br3
1195,H5N2Pb1Br3,H5N2,Pb1,Br3
1196,H5N2Pb1Br3,H5N2,Pb1,Br3
1197,H5N2Pb1Br3,H5N2,Pb1,Br3
1198,H4N1Pb1Br3,H4N1,Pb1,Br3
1199,H4N1Pb1Br3,H4N1,Pb1,Br3
1200,H4N1Pb1Br3,H4N1,Pb1,Br3
1201,C3H10N1Pb1Br3,C3H10N1,Pb1,Br3
1202,C3H10N1Pb1Br3,C3H10N1,Pb1,Br3
1203,C3H10N1Pb1Br3,C3H10N1,Pb1,Br3
1204,C3H10N1Pb1Br3,C3H10N1,Pb1,Br3
1205,C3H10N1Pb1Br3,C3H10N1,Pb1,Br3
1206,C3H10N1Pb1Br3,C3H10N1,Pb1,Br3
1207,C3H10N1Pb1Br3,C3H10N1,Pb1,Br3
1208,C3H10N1Pb1Br3,C3H10N1,Pb1,Br3
1209,C3H10N1Pb1Br3,C3H10N1,Pb1,Br3
1210,C3H8N1Pb1Br3,C3H8N1,Pb1,Br3
1211,C3H8N1Pb1Br3,C3H8N1,Pb1,Br3
1212,C3H8N1Pb1Br3,C3H8N1,Pb1,Br3
1213,C3H8N1Pb1Br3,C3H8N1,Pb1,Br3
1214,C3H8N1Pb1Br3,C3H8N1,Pb1,Br3
1215,C3H8N1Pb1Br3,C3H8N1,Pb1,Br3
1216,C3H8N1Pb1Br3,C3H8N1,Pb1,Br3
1217,C3H8N1Pb1Br3,C3H8N1,Pb1,Br3
1218,C3H8N1Pb1Br3,C3H8N1,Pb1,Br3
1219,C3H8N1Pb1Br3,C3H8N1,Pb1,Br3
1220,C3H8N1Pb1Br3,C3H8N1,Pb1,Br3
1221,C3H8N1Pb1Br3,C3H8N1,Pb1,Br3
1222,C3H8N1Pb1Br3,C3H8N1,Pb1,Br3
1223,C3H5N2Pb1Br3,C3H5N2,Pb1,Br3
1224,C3H5N2Pb1Br3,C3H5N2,Pb1,Br3
1225,C3H5N2Pb1Br3,C3H5N2,Pb1,Br3
1226,C3H5N2Pb1Br3,C3H5N2,Pb1,Br3
1227,C3H5N2Pb1Br3,C3H5N2,Pb1,Br3
1228,C2H8N1Pb1I3,C2H8N1,Pb1,I3
1229,C2H8N1Pb1I3,C2H8N1,Pb1,I3
1230,C2H8N1Pb1I3,C2H8N1,Pb1,I3
1231,C2H8N1Pb1I3,C2H8N1,Pb1,I3
1232,C2H8N1Pb1I3,C2H8N1,Pb1,I3
1233,C2H8N1Pb1I3,C2H8N1,Pb1,I3
1234,C2H8N1Pb1I3,C2H8N1,Pb1,I3
1235,C2H8N1Pb1I3,C2H8N1,Pb1,I3
1236,C2H8N1Pb1I3,C2H8N1,Pb1,I3
1237,C2H8N1Pb1I3,C2H8N1,Pb1,I3
1238,C2H8N1Pb1I3,C2H8N1,Pb1,I3
1239,C3H10N1Pb1I3,C3H10N1,Pb1,I3
1240,C3H10N1Pb1I3,C3H10N1,Pb1,I3
1241,C3H10N1Pb1I3,C3H10N1,Pb1,I3
1242,C3H10N1Pb1I3,C3H10N1,Pb1,I3
1243,C3H10N1Pb1I3,C3H10N1,Pb1,I3
1244,C3H10N1Pb1I3,C3H10N1,Pb1,I3
1245,C3H10N1Pb1I3,C3H10N1,Pb1,I3
1246,C3H10N1Pb1I3,C3H10N1,Pb1,I3
1247,C3H10N1Pb1I3,C3H10N1,Pb1,I3
1248,C3H10N1Pb1I3,C3H10N1,Pb1,I3
1249,C3H10N1Pb1I3,C3H10N1,Pb1,I3
1250,C3H10N1Pb1I3,C3H10N1,Pb1,I3
1251,C3H10N1Pb1I3,C3H10N1,Pb1,I3
1252,C4H12N1Pb1I3,C4H12N1,Pb1,I3
1253,C4H12N1Pb1I3,C4H12N1,Pb1,I3
1254,C4H12N1Pb1I3,C4H12N1,Pb1,I3
1255,C4H12N1Pb1I3,C4H12N1,Pb1,I3
1256,C3H10N1Pb1I3,C3H10N1,Pb1,I3
1257,C3H10N1Pb1I3,C3H10N1,Pb1,I3
1258,C3H10N1Pb1I3,C3H10N1,Pb1,I3
1259,C3H10N1Pb1I3,C3H10N1,Pb1,I3
1260,C3H10N1Pb1I3,C3H10N1,Pb1,I3
1261,C3H10N1Pb1I3,C3H10N1,Pb1,I3
1262,C3H10N1Pb1I3,C3H10N1,Pb1,I3
1263,C3H10N1Pb1I3,C3H10N1,Pb1,I3
1264,C3H10N1Pb1I3,C3H10N1,Pb1,I3
1265,C3H10N1Pb1I3,C3H10N1,Pb1,I3
1266,C2H8N1Pb1I3,C2H8N1,Pb1,I3
1267,C2H8N1Pb1I3,C2H8N1,Pb1,I3
1268,C2H8N1Pb1I3,C2H8N1,Pb1,I3
1269,C2H8N1Pb1I3,C2H8N1,Pb1,I3
1270,C2H8N1Pb1I3,C2H8N1,Pb1,I3
1271,C2H8N1Pb1I3,C2H8N1,Pb1,I3
1272,C2H8N1Pb1I3,C2H8N1,Pb1,I3
1273,C2H7N2Pb1I3,C2H7N2,Pb1,I3
1274,C2H7N2Pb1I3,C2H7N2,Pb1,I3
1275,C2H7N2Pb1I3,C2H7N2,Pb1,I3
1276,C2H7N2Pb1I3,C2H7N2,Pb1,I3
1277,C2H7N2Pb1I3,C2H7N2,Pb1,I3
1278,C2H7N2Pb1I3,C2H7N2,Pb1,I3
1279,C1H6N1Pb1I3,C1H6N1,Pb1,I3
1280,C1H6N1Pb1I3,C1H6N1,Pb1,I3
1281,C1H6N1Pb1I3,C1H6N1,Pb1,I3
1282,C1H6N1Pb1I3,C1H6N1,Pb1,I3
1283,C1H6N1Pb1I3,C1H6N1,Pb1,I3
1284,C1H6N1Pb1I3,C1H6N1,Pb1,I3
1285,C1H6N3Pb1I3,C1H6N3,Pb1,I3
1286,C1H6N3Pb1I3,C1H6N3,Pb1,I3
1287,C1H6N3Pb1I3,C1H6N3,Pb1,I3
1288,H4N1O1Pb3I,H4N1O1,Pb3,I1
1289,H4N1O1Pb3I,H4N1O1,Pb3,I1
1290,H4N1O1Pb3I,H4N1O1,Pb3,I1
1291,H4N1O1Pb3I,H4N1O1,Pb3,I1
1292,H4N1O1Pb3I,H4N1O1,Pb3,I1
1293,H4N1O1Pb3I,H4N1O1,Pb3,I1
1294,H4N1O1Pb3I,H4N1O1,Pb3,I1
1295,C1H5N2Pb1I3,C1H5N2,Pb1,I3
1296,C1H5N2Pb1I3,C1H5N2,Pb1,I3
1297,C1H5N2Pb1I3,C1H5N2,Pb1,I3
1298,C4H12N1Pb1I3,C4H12N1,Pb1,I3
1299,C4H12N1Pb1I3,C4H12N1,Pb1,I3
1300,C4H12N1Pb1I3,C4H12N1,Pb1,I3
1301,H5N2Pb1I3,H5N2,Pb1,I3
1302,H5N2Pb1I3,H5N2,Pb1,I3
1303,H5N2Pb1I3,H5N2,Pb1,I3
1304,H5N2Pb1I3,H5N2,Pb1,I3
1305,H5N2Pb1I3,H5N2,Pb1,I3
1306,H5N2Pb1I3,H5N2,Pb1,I3
1307,H5N2Pb1I3,H5N2,Pb1,I3
1308,H5N2Pb1I3,H5N2,Pb1,I3
1309,H5N2Pb1I3,H5N2,Pb1,I3
1310,H4N1Pb1I3,H4N1,Pb1,I3
1311,H4N1Pb1I3,H4N1,Pb1,I3
1312,H4N1Pb1I3,H4N1,Pb1,I3
1313,C3H10N1Pb1I3,C3H10N1,Pb1,I3
1314,C3H10N1Pb1I3,C3H10N1,Pb1,I3
1315,C3H10N1Pb1I3,C3H10N1,Pb1,I3
1316,C3H10N1Pb1I3,C3H10N1,Pb1,I3
1317,C3H10N1Pb1I3,C3H10N1,Pb1,I3
1318,C3H10N1Pb1I3,C3H10N1,Pb1,I3
1319,C3H10N1Pb1I3,C3H10N1,Pb1,I3
1320,C3H10N1Pb1I3,C3H10N1,Pb1,I3
1321,C3H10N1Pb1I3,C3H10N1,Pb1,I3
1322,C3H10N1Pb1I3,C3H10N1,Pb1,I3
1323,C3H10N1Pb1I3,C3H10N1,Pb1,I3
1324,C3H10N1Pb1I3,C3H10N1,Pb1,I3
1325,C3H8N1Pb1I3,C3H8N1,Pb1,I3
1326,C3H8N1Pb1I3,C3H8N1,Pb1,I3
1327,C3H8N1Pb1I3,C3H8N1,Pb1,I3
1328,C3H8N1Pb1I3,C3H8N1,Pb1,I3
1329,C3H8N1Pb1I3,C3H8N1,Pb1,I3
1330,C3H8N1Pb1I3,C3H8N1,Pb1,I3
1331,C3H8N1Pb1I3,C3H8N1,Pb1,I3
1332,C3H8N1Pb1I3,C3H8N1,Pb1,I3
1333,C3H8N1Pb1I3,C3H8N1,Pb1,I3
1334,C3H8N1Pb1I3,C3H8N1,Pb1,I3
1335,C3H8N1Pb1I3,C3H8N1,Pb1,I3
1336,C3H8N1Pb1I3,C3H8N1,Pb1,I3
1337,C3H8N1Pb1I3,C3H8N1,Pb1,I3
1338,C3H8N1Pb1I3,C3H8N1,Pb1,I3
1339,C3H8N1Pb1I3,C3H8N1,Pb1,I3
1340,C3H5N2Pb1I3,C3H5N2,Pb1,I3
1341,C3H5N2Pb1I3,C3H5N2,Pb1,I3
1342,C3H5N2Pb1I3,C3H5N2,Pb1,I3
1343,C3H5N2Pb1I3,C3H5N2,Pb1,I3
1344,C3H5N2Pb1I3,C3H5N2,Pb1,I3
1345,C3H5N2Pb1I3,C3H5N2,Pb1,I3
